HRC_topics,HRC,ICAAD
Regional Arrangements,Year,Sexual.Assault.Manual
International Solidarity,DocType,Domestic.Violence.Manual
Housing,Type1,Age
Cambodia,Type2,Family.Member.Victim
Religion,agenda,SGBV
Internet,is_last,Rape
Palestine,favour,DV.Restraining.Order
Political Participation,favour_count,Penal.Code
Self-determination,against_count,Defilement
OHCHR,order,Reconciliation
Liberia,sponsors_count,Incest
Violence,,Year
Minorities,,
Birth Registration,,
Genocide,,
Leprosy,,
Truth,,
Transitional Justice,,
Yemen,,
Prevention,,
Extrajudicial Executions,,
Repatriation of Funds,,
Cultural Rights,,
Sport,,
Natural Disaster,,
Unilateral Coercive Measures,,
Democracy,,
Peasants,,
Discrimination,,
Arms,,
Governance,,
Mercenaries,,
HIV/AIDS,,
Terrorism,,
Public Information,,
People of African Descent,,
Water,,
Indigenous Peoples,,
Civil Society,,
Foreign Debt,,
Ukraine,,
Older Persons,,
Libya,,
Central African Republic,,
Afghanistan,,
Golan Heights ,,
Trafficking,,
Mali,,
Internally Displaced Persons,,
Albinism,,
Education,,
Death Penalty,,
Business,,
Political Prisoners,,
Conscientious Objection,,
Traditional Values,,
Employment,,
Commemoration,,
Privacy,,
Justice,,
Guinea,,
Social Forum,,
Environment,,
Disappearances,,
Health,,
Persons with Disabilities,,
Universal Periodic Review,,
Corruption,,
Belarus,,
Iran,,
Journalists,,
Torture,,
National Policies,,
Child,,
National Human Rights Institutions,,
Haiti,,
Iraq,,
 Social and Cultural Rights,,
Women,,
Financial Crisis,,
Parliaments,,
Medicines,,
Slavery,,
Human Rights Defenders,,
Judicial Independence,,
Family,,
Lebanon,,
Freedom of Opinion and Expression,,
Tunisia,,
Drones,,
Burundi,,
Children,,
Sexual Violence,,
Technical Cooperation,,
 Early and Forced Marriage,,
Sudan,,
Peace,,
Racism,,
Democratic Republic of the Congo,,
Globalization,,
International Human Rights System,,
Development,,
Democratic and Equitable International Order,,
Food,,
Peaceful Assembly and Association,,
Poverty,,
Human Rights Education,,
Nationality,,
Armed Conflict,,
Eritrea,,
Kyrgyzstan,,
Migrants,,
Reprisals,,
Climate Change,,
North Korea,,
HRC Institutional Issues ,,
South Sudan,,
Sexual Orientation and Gender Identity,,
Syria,,
Arbitrary Detention,,
C??te d???Ivoire,,
Honduras,,
Myanmar,,
International Cooperation,,
Rule of Law,,
Somalia,,
Peaceful Protest,,
Economic,,
Sri Lanka,,
